date,rate_z21,yield_chg5,dollar_ret5,cpi_yoy,cpi_mom,days_since_cpi
2025-05-06 00:00:00-04:00,0.0,0.0,0.0,2.354896535474671,0.2088561230692454,0.08333333333333333
2025-05-07 00:00:00-04:00,0.0,0.0,0.0,2.354896535474671,0.2088561230692454,0.1
2025-05-08 00:00:00-04:00,0.0,0.0,0.0,2.354896535474671,0.2088561230692454,0.11666666666666667
2025-05-09 00:00:00-04:00,0.0,0.0,0.0,2.354896535474671,0.2088561230692454,0.13333333333333333
2025-05-12 00:00:00-04:00,1.7840369447040934,0.0,0.0,2.354896535474671,0.2088561230692454,0.18333333333333332
2025-05-13 00:00:00-04:00,1.3580063692024382,0.19099998474121094,0.017579379543560893,2.354896535474671,0.2088561230692454,0.2
2025-05-14 00:00:00-04:00,1.1114535838772779,0.25299978256225586,0.014253919818787552,2.354896535474671,0.2088561230692454,0.21666666666666667
2025-05-15 00:00:00-04:00,0.36190834175970155,0.0819997787475586,0.0023818775430053145,2.354896535474671,0.2088561230692454,0.23333333333333334
2025-05-16 00:00:00-04:00,-0.22730989634753712,0.06599998474121094,0.007446790380635416,2.354896535474671,0.2088561230692454,0.25
2025-05-19 00:00:00-04:00,-0.12941808074452862,0.018000125885009766,-0.013450906014585217,2.354896535474671,0.2088561230692454,0.3
2025-05-20 00:00:00-04:00,0.12390899751916067,-0.018000125885009766,-0.008751022844785556,2.354896535474671,0.2088561230692454,0.31666666666666665
2025-05-21 00:00:00-04:00,-0.3053161634339061,0.06800031661987305,-0.014756034125842445,2.354896535474671,0.2088561230692454,0.3333333333333333
2025-05-22 00:00:00-04:00,-0.3944554924352006,0.09800004959106445,-0.009161567622619693,2.354896535474671,0.2088561230692454,0.35
2025-05-23 00:00:00-04:00,-0.4487493619992663,0.06799983978271484,-0.01978082236279595,2.354896535474671,0.2088561230692454,0.36666666666666664
2025-05-27 00:00:00-04:00,-1.3300230283642527,-0.0409998893737793,-0.009102375184316199,2.354896535474671,0.2088561230692454,0.43333333333333335
2025-05-28 00:00:00-04:00,-0.5017331583903147,-0.0039997100830078125,-0.0024000560837207346,2.354896535474671,0.2088561230692454,0.45
2025-05-29 00:00:00-04:00,-0.30359363306111664,-0.17200040817260742,-0.002816324376639408,2.354896535474671,0.2088561230692454,0.4666666666666667
2025-05-30 00:00:00-04:00,-0.21967145266513885,-0.13700008392333984,-0.006322438146495091,2.354896535474671,0.2088561230692454,0.48333333333333334
2025-06-02 00:00:00-04:00,-0.2138556023255333,-0.04699993133544922,-0.004145435057038456,2.669213018222316,0.34093913800881115,0.016666666666666666
2025-06-03 00:00:00-04:00,-0.08852525446611996,0.026000022888183594,-0.0027166756923230474,2.669213018222316,0.34093913800881115,0.03333333333333333
2025-06-04 00:00:00-04:00,0.11940518892058397,-0.1120004653930664,-0.010973043588961532,2.669213018222316,0.34093913800881115,0.05
2025-06-05 00:00:00-04:00,-0.2816584267918813,-0.029999732971191406,-0.0054540174049802605,2.669213018222316,0.34093913800881115,0.06666666666666667
2025-06-06 00:00:00-04:00,-0.3265088624845919,0.09400033950805664,-0.001410431289986059,2.669213018222316,0.34093913800881115,0.08333333333333333
2025-06-09 00:00:00-04:00,-0.013602539469355688,0.019999980926513672,0.002428714955283036,2.669213018222316,0.34093913800881115,0.13333333333333333
2025-06-10 00:00:00-04:00,0.39667869452464355,0.01399993896484375,-0.002017115612464581,2.669213018222316,0.34093913800881115,0.15
2025-06-11 00:00:00-04:00,0.5136971680625001,0.04700040817260742,-0.0016209472052186383,2.669213018222316,0.34093913800881115,0.16666666666666666
2025-06-12 00:00:00-04:00,1.175094035048942,-0.037000179290771484,-0.008339311131292744,2.669213018222316,0.34093913800881115,0.18333333333333332
2025-06-13 00:00:00-04:00,0.24086987245876115,-0.08600044250488281,-0.010234695633097519,2.669213018222316,0.34093913800881115,0.2
2025-06-16 00:00:00-04:00,1.0010062981355192,-0.029999732971191406,-0.009546151804614397,2.669213018222316,0.34093913800881115,0.25
2025-06-17 00:00:00-04:00,-1.4673610155623669,-0.08099985122680664,-0.002324793625429836,2.669213018222316,0.34093913800881115,0.26666666666666666
2025-06-18 00:00:00-04:00,-0.9649140380634906,-0.015000343322753906,0.0028349356578381804,2.669213018222316,0.34093913800881115,0.2833333333333333
2025-06-20 00:00:00-04:00,-2.5400536548601567,0.018000125885009766,0.008035449090357345,2.669213018222316,0.34093913800881115,0.31666666666666665
2025-06-23 00:00:00-04:00,-3.2318379374161457,-0.10399961471557617,0.002441485095098284,2.669213018222316,0.34093913800881115,0.36666666666666664
2025-06-24 00:00:00-04:00,-1.8386487417316124,-0.15899991989135742,-0.0014295865726073062,2.669213018222316,0.34093913800881115,0.38333333333333336
2025-06-25 00:00:00-04:00,-1.4251224981698638,-0.09999990463256836,-0.011603177402715983,2.669213018222316,0.34093913800881115,0.4
2025-06-26 00:00:00-04:00,-1.1867496255527523,-0.14400005340576172,-0.01795419124654019,2.669213018222316,0.34093913800881115,0.4166666666666667
2025-06-27 00:00:00-04:00,-0.9577461648456203,-0.09200000762939453,-0.01336002284027954,2.669213018222316,0.34093913800881115,0.43333333333333335
2025-06-30 00:00:00-04:00,-1.1132332136820338,-0.09000015258789062,-0.015770945938848854,2.669213018222316,0.34093913800881115,0.48333333333333334
2025-07-01 00:00:00-04:00,0.17203954856367742,-0.04200029373168945,-0.010684310738407449,2.7049023971513986,0.15097919463296083,0.0
2025-07-02 00:00:00-04:00,0.11521125089026074,0.0,-0.00925648417469255,2.7049023971513986,0.15097919463296083,0.016666666666666666
2025-07-03 00:00:00-04:00,0.725390818218078,0.0950002670288086,0.00030874058820045205,2.7049023971513986,0.15097919463296083,0.03333333333333333
2025-07-04 00:00:00-04:00,0.725390818218078,0.06500005722045898,-0.0022612941965255134,2.7049023971513986,0.15097919463296083,0.05
2025-07-07 00:00:00-04:00,0.8715416107200914,0.16499996185302734,0.006174192299671906,2.7049023971513986,0.15097919463296083,0.1
2025-07-08 00:00:00-04:00,0.9975188741910714,0.1640000343322754,0.007101377395279283,2.7049023971513986,0.15097919463296083,0.11666666666666667
2025-07-09 00:00:00-04:00,0.808554660034192,0.048999786376953125,0.007104302121007172,2.7049023971513986,0.15097919463296083,0.13333333333333333
2025-07-10 00:00:00-04:00,0.6602953927818945,-0.0019998550415039062,0.004824740830616163,2.7049023971513986,0.15097919463296083,0.15
2025-07-11 00:00:00-04:00,0.5869102005216144,0.07499980926513672,0.0068707461299520566,2.7049023971513986,0.15097919463296083,0.16666666666666666
2025-07-14 00:00:00-04:00,0.3291495289238105,0.032000064849853516,0.006136227662735567,2.7049023971513986,0.15097919463296083,0.21666666666666667
2025-07-15 00:00:00-04:00,0.49945047633397727,0.07399988174438477,0.011319149891295502,2.7049023971513986,0.15097919463296083,0.23333333333333334
2025-07-16 00:00:00-04:00,0.28296657880179144,0.11299991607666016,0.009394515801279838,2.7049023971513986,0.15097919463296083,0.25
2025-07-17 00:00:00-04:00,0.6377323754029224,0.11699962615966797,0.010999212675820404,2.7049023971513986,0.15097919463296083,0.26666666666666666
2025-07-18 00:00:00-04:00,0.4283467410096193,0.009000301361083984,0.006417837715639176,2.7049023971513986,0.15097919463296083,0.2833333333333333
2025-07-21 00:00:00-04:00,0.10767699580334744,-0.05499982833862305,-0.0023478126088688606,2.7049023971513986,0.15097919463296083,0.3333333333333333
2025-07-22 00:00:00-04:00,0.3017770694186559,-0.1529998779296875,-0.012550578940110798,2.7049023971513986,0.15097919463296083,0.35
2025-07-23 00:00:00-04:00,0.7207119756227891,-0.06699991226196289,-0.012065589259342986,2.7049023971513986,0.15097919463296083,0.36666666666666664
2025-07-24 00:00:00-04:00,0.9324003233546629,-0.05499982833862305,-0.01376806307473944,2.7049023971513986,0.15097919463296083,0.38333333333333336
2025-07-25 00:00:00-04:00,0.8828979956881057,-0.046000003814697266,-0.008463843014974996,2.7049023971513986,0.15097919463296083,0.4
2025-07-28 00:00:00-04:00,0.11861180035348141,0.04799985885620117,0.008243954676049138,2.7049023971513986,0.15097919463296083,0.45
2025-07-29 00:00:00-04:00,-0.6556049429881867,-0.006000041961669922,0.01548685307039007,2.7049023971513986,0.15097919463296083,0.4666666666666667
2025-07-30 00:00:00-04:00,-0.4700996317947604,-0.012000083923339844,0.027696452929837568,2.7049023971513986,0.15097919463296083,0.48333333333333334
2025-07-31 00:00:00-04:00,-0.17489289678585548,-0.04799985885620117,0.026849306243950214,2.7049023971513986,0.15097919463296083,0.5
2025-08-01 00:00:00-04:00,-3.711753647479294,-0.1660003662109375,0.010593975973359652,2.9161742842984006,0.2872638121889093,0.0
2025-08-04 00:00:00-04:00,-3.4268777797631205,-0.2200002670288086,0.0012155098306094365,2.9161742842984006,0.2872638121889093,0.05
2025-08-05 00:00:00-04:00,-2.683439445750888,-0.13399982452392578,-0.00131524002172889,2.9161742842984006,0.2872638121889093,0.06666666666666667
2025-08-06 00:00:00-04:00,-2.5601943589330647,-0.15600013732910156,-0.01776749860654253,2.9161742842984006,0.2872638121889093,0.08333333333333333
2025-08-07 00:00:00-04:00,-2.0319721809434252,-0.11600017547607422,-0.016429309228612007,2.9161742842984006,0.2872638121889093,0.1
2025-08-08 00:00:00-04:00,-1.8593199936118683,0.06500005722045898,-0.005181117183811696,2.9161742842984006,0.2872638121889093,0.11666666666666667
2025-08-11 00:00:00-04:00,-1.4390688340043107,0.07299995422363281,-0.0026356035759713932,2.9161742842984006,0.2872638121889093,0.16666666666666666
2025-08-12 00:00:00-04:00,-1.5406205432571467,0.0970001220703125,-0.006907791737686192,2.9161742842984006,0.2872638121889093,0.18333333333333332
2025-08-13 00:00:00-04:00,-1.72496666963625,0.018000125885009766,-0.0034690777888921904,2.9161742842984006,0.2872638121889093,0.2
2025-08-14 00:00:00-04:00,-1.4943190948041312,0.04900026321411133,-0.0015255688157364282,2.9161742842984006,0.2872638121889093,0.21666666666666667
2025-08-15 00:00:00-04:00,-1.3422548154643077,0.043000221252441406,-0.003366853490212057,2.9161742842984006,0.2872638121889093,0.23333333333333334
2025-08-18 00:00:00-04:00,-1.0299742009042367,0.06800031661987305,-0.003558888126157298,2.9161742842984006,0.2872638121889093,0.2833333333333333
2025-08-19 00:00:00-04:00,-1.1534822881704068,0.008999824523925781,0.0017314071970294064,2.9161742842984006,0.2872638121889093,0.3
2025-08-20 00:00:00-04:00,-0.9652597824349938,0.05800008773803711,0.003876419090009025,2.9161742842984006,0.2872638121889093,0.31666666666666665
2025-08-21 00:00:00-04:00,-0.6498918409696185,0.03699970245361328,0.003758857896761488,2.9161742842984006,0.2872638121889093,0.3333333333333333
2025-08-22 00:00:00-04:00,-1.3122142932661154,-0.06799983978271484,-0.0013294193666388184,2.9161742842984006,0.2872638121889093,0.35
2025-08-25 00:00:00-04:00,-1.1339244786277618,-0.06599998474121094,0.002644987689000835,2.9161742842984006,0.2872638121889093,0.4
2025-08-26 00:00:00-04:00,-1.1624085224021539,-0.04400014877319336,-0.00040705635302838846,2.9161742842984006,0.2872638121889093,0.4166666666666667
2025-08-27 00:00:00-04:00,-1.674774368389534,-0.05800008773803711,0.00010182882164453671,2.9161742842984006,0.2872638121889093,0.43333333333333335
2025-08-28 00:00:00-04:00,-1.3684935021093823,-0.1230001449584961,-0.008247312304432713,2.9161742842984006,0.2872638121889093,0.45
2025-08-29 00:00:00-04:00,-2.189987505939515,-0.03299999237060547,0.0005114883011876919,2.9161742842984006,0.2872638121889093,0.4666666666666667
2025-09-02 00:00:00-04:00,-2.238835665933704,0.0019998550415039062,-0.0003048191764475196,3.0126767755256134,0.2543398276415587,0.016666666666666666
2025-09-03 00:00:00-04:00,-2.22422196110009,-0.04699993133544922,-0.0009166774184325476,3.0126767755256134,0.2543398276415587,0.03333333333333333
2025-09-04 00:00:00-04:00,-2.2867404981995616,-0.06199979782104492,0.0012208274592876885,3.0126767755256134,0.2543398276415587,0.05
2025-09-05 00:00:00-04:00,-3.0338969075828017,-0.12099981307983398,-0.00040904915912666473,3.0126767755256134,0.2543398276415587,0.06666666666666667
2025-09-08 00:00:00-04:00,-2.238208364066541,-0.1810002326965332,-0.0032783525451430197,3.0126767755256134,0.2543398276415587,0.11666666666666667
2025-09-09 00:00:00-04:00,-1.7504165574063992,-0.20300006866455078,-0.006218487878745843,3.0126767755256134,0.2543398276415587,0.13333333333333333
2025-09-10 00:00:00-04:00,-1.7069685656148037,-0.1789999008178711,-0.0036749797762452865,3.0126767755256134,0.2543398276415587,0.15
2025-09-11 00:00:00-04:00,-1.5431101332801338,-0.16499996185302734,-0.008269969652205219,3.0126767755256134,0.2543398276415587,0.16666666666666666
2025-09-12 00:00:00-04:00,-1.3822526956623546,-0.02500009536743164,-0.002252648829415904,3.0126767755256134,0.2543398276415587,0.18333333333333332
2025-09-15 00:00:00-04:00,-1.5453448607586926,-0.012000083923339844,-0.0015403740810533246,3.0126767755256134,0.2543398276415587,0.23333333333333334
2025-09-16 00:00:00-04:00,-1.4899960152247056,-0.04799985885620117,-0.011933108098843527,3.0126767755256134,0.2543398276415587,0.25
2025-09-17 00:00:00-04:00,-1.5683194430370722,0.04400014877319336,-0.00935014287474833,3.0126767755256134,0.2543398276415587,0.26666666666666666
2025-09-18 00:00:00-04:00,-1.29662451899284,0.09299993515014648,-0.0019498435240253742,3.0126767755256134,0.2543398276415587,0.2833333333333333
2025-09-19 00:00:00-04:00,-1.2082406600800328,0.07800006866455078,0.0009221409205623194,3.0126767755256134,0.2543398276415587,0.3
2025-09-22 00:00:00-04:00,-1.4416957054440063,0.10900020599365234,0.00030826469487571414,3.0126767755256134,0.2543398276415587,0.35
2025-09-23 00:00:00-04:00,-1.349303406971473,0.09399986267089844,0.006498603352243253,3.0126767755256134,0.2543398276415587,0.36666666666666664
2025-09-24 00:00:00-04:00,-1.104415361468005,0.0709996223449707,0.010270193709731208,3.0126767755256134,0.2543398276415587,0.38333333333333336
2025-09-25 00:00:00-04:00,-0.7192364076741684,0.06799983978271484,0.012251348421267943,3.0126767755256134,0.2543398276415587,0.4
2025-09-26 00:00:00-04:00,-0.9601121379551404,0.04799985885620117,0.005209696995148306,3.0126767755256134,0.2543398276415587,0.4166666666666667
2025-09-29 00:00:00-04:00,-0.8665459779212522,-0.0020003318786621094,0.005941441517539761,3.0126767755256134,0.2543398276415587,0.4666666666666667
2025-09-30 00:00:00-04:00,-1.109690653149431,0.0279998779296875,0.005229920242811646,3.0126767755256134,0.2543398276415587,0.48333333333333334
2025-10-01 00:00:00-04:00,-1.076933124098411,-0.0409998893737793,-0.0016361969148932457,3.0126767755256134,0.2543398276415587,0.5
2025-10-02 00:00:00-04:00,-1.0035089631119705,-0.0840001106262207,-0.007128386317298731,3.0126767755256134,0.2543398276415587,0.5166666666666667
2025-10-03 00:00:00-04:00,-0.7408704427512197,-0.06799983978271484,-0.0043906773874824384,3.0126767755256134,0.2543398276415587,0.5333333333333333
2025-10-06 00:00:00-04:00,-0.6141920815652484,0.021000385284423828,0.0020405776276018572,3.0126767755256134,0.2543398276415587,0.5833333333333334
2025-10-07 00:00:00-04:00,-1.0359873061787617,-0.020999908447265625,0.008250672668960856,3.0126767755256134,0.2543398276415587,0.6
2025-10-08 00:00:00-04:00,-0.9837428069428623,0.023000240325927734,0.011599635593910295,3.0126767755256134,0.2543398276415587,0.6166666666666667
2025-10-09 00:00:00-04:00,-0.5723095147394772,0.059999942779541016,0.01712390437996661,3.0126767755256134,0.2543398276415587,0.6333333333333333
2025-10-10 00:00:00-04:00,-0.5097551129617136,-0.06799983978271484,0.012811584557626253,3.0126767755256134,0.2543398276415587,0.65
2025-10-13 00:00:00-04:00,-0.4617615667700508,-0.11100006103515625,0.011754072389041964,3.0126767755256134,0.2543398276415587,0.7
2025-10-14 00:00:00-04:00,-0.3877736765355976,-0.10500001907348633,0.004756384103301651,3.0126767755256134,0.2543398276415587,0.7166666666666667
2025-10-15 00:00:00-04:00,0.09136518745426177,-0.08300018310546875,-0.0006071398565275244,3.0126767755256134,0.2543398276415587,0.7333333333333333
2025-10-16 00:00:00-04:00,-0.27180724903466874,-0.17199969291687012,-0.01162041595370657,3.0126767755256134,0.2543398276415587,0.75
2025-10-17 00:00:00-04:00,-1.8978597352752489,-0.04400014877319336,-0.00557220469745653,3.0126767755256134,0.2543398276415587,0.7666666666666667
2025-10-20 00:00:00-04:00,-3.326737524143198,-0.06500005722045898,-0.006873577343322397,3.0126767755256134,0.2543398276415587,0.8166666666666667
2025-10-21 00:00:00-04:00,-2.9355842710360727,-0.05899977684020996,-0.0012122715349392659,3.0126767755256134,0.2543398276415587,0.8333333333333334
2025-10-22 00:00:00-04:00,-2.2751697944848823,-0.09299993515014648,0.001112859733377246,3.0126767755256134,0.2543398276415587,0.85
2025-10-23 00:00:00-04:00,-1.9343157286751782,0.014999866485595703,0.005574463800902454,3.0126767755256134,0.2543398276415587,0.8666666666666667
2025-10-24 00:00:00-04:00,-2.3663225889172925,-0.009999990463256836,0.00526900246560665,3.0126767755256134,0.2543398276415587,0.8833333333333333
2025-10-27 00:00:00-04:00,-2.81366633325316,0.010999917984008789,0.0019253433125688885,3.0126767755256134,0.2543398276415587,0.9333333333333333
2025-10-28 00:00:00-04:00,-2.2609405595202197,0.019999980926513672,-0.002428883497848461,3.0126767755256134,0.2543398276415587,0.95
2025-10-29 00:00:00-04:00,-1.7656047405136959,0.10500001907348633,0.0032303651187283624,3.0126767755256134,0.2543398276415587,0.9666666666666667
2025-10-30 00:00:00-04:00,-1.1009394870164295,0.10199999809265137,0.0059454635181106445,3.0126767755256134,0.2543398276415587,0.9833333333333333
2025-10-31 00:00:00-04:00,-1.6488094148723278,0.10399985313415527,0.008553572688992213,3.0126767755256134,0.2543398276415587,1.0
2025-11-03 00:00:00-05:00,-0.3707313280922292,0.10899996757507324,0.01097422500193299,2.6794312940341625,-0.2087438423645338,0.03333333333333333
2025-11-04 00:00:00-05:00,-0.12172022318742555,0.10600018501281738,0.01538413278976565,2.6794312940341625,-0.2087438423645338,0.05
2025-11-05 00:00:00-05:00,-0.17221326065749204,0.0989999771118164,0.009828539018201821,2.6794312940341625,-0.2087438423645338,0.06666666666666667
2025-11-06 00:00:00-05:00,-0.6087367737233577,0.0,0.002007474080697615,2.6794312940341625,-0.2087438423645338,0.08333333333333333
2025-11-07 00:00:00-05:00,-0.6575995459702634,-0.007999897003173828,-0.002006064625670369,2.6794312940341625,-0.2087438423645338,0.1
2025-11-10 00:00:00-05:00,-0.040240316755632936,0.004000186920166016,-0.002506392540889723,2.6794312940341625,-0.2087438423645338,0.15
2025-11-11 00:00:00-05:00,0.036136102553462966,0.03099966049194336,-0.0076122376302011855,2.6794312940341625,-0.2087438423645338,0.16666666666666666
2025-11-12 00:00:00-05:00,0.002453682930440538,-0.09200000762939453,-0.007211505514086851,2.6794312940341625,-0.2087438423645338,0.18333333333333332
2025-11-13 00:00:00-05:00,0.527285357784642,0.01900005340576172,-0.00553018393601756,2.6794312940341625,-0.2087438423645338,0.2
2025-11-14 00:00:00-05:00,0.5480372102807484,0.05499982833862305,-0.00331877248504736,2.6794312940341625,-0.2087438423645338,0.21666666666666667
2025-11-17 00:00:00-05:00,0.11940766717152754,0.02299976348876953,-0.00030125404403642185,2.6794312940341625,-0.2087438423645338,0.26666666666666666
2025-11-18 00:00:00-05:00,0.17194270892451624,0.0030002593994140625,0.000904517084120688,2.6794312940341625,-0.2087438423645338,0.2833333333333333
2025-11-19 00:00:00-05:00,0.19847519777126452,0.06799983978271484,0.007510925849065656,2.6794312940341625,-0.2087438423645338,0.3
2025-11-20 00:00:00-05:00,0.34744370062478624,-0.006000041961669922,0.009832559776404447,2.6794312940341625,-0.2087438423645338,0.31666666666666665
2025-11-21 00:00:00-05:00,-0.9666433327287886,-0.08499956130981445,0.009125194190309507,2.6794312940341625,-0.2087438423645338,0.3333333333333333
2025-11-24 00:00:00-05:00,-1.2501623584292234,-0.09499979019165039,0.005507479635126844,2.6794312940341625,-0.2087438423645338,0.38333333333333336
2025-11-25 00:00:00-05:00,-1.2488028135418157,-0.12100028991699219,0.0011043684335552031,2.6794312940341625,-0.2087438423645338,0.4
2025-11-26 00:00:00-05:00,-0.509399527054598,-0.13499999046325684,-0.006305429258594873,2.6794312940341625,-0.2087438423645338,0.4166666666666667
2025-11-28 00:00:00-05:00,-2.5022738195198713,-0.08899974822998047,-0.007013399832769266,2.6794312940341625,-0.2087438423645338,0.45
2025-12-01 00:00:00-05:00,-2.196521582888157,0.03299999237060547,-0.007715821913251583,2.713530886580684,-0.020979754536887274,0.0
2025-12-02 00:00:00-05:00,-2.451767255415451,0.04799985885620117,-0.007819576478817671,2.713530886580684,-0.020979754536887274,0.016666666666666666
2025-12-03 00:00:00-05:00,-2.6580741693530445,0.05500030517578125,-0.008160895418968854,2.713530886580684,-0.020979754536887274,0.03333333333333333
2025-12-04 00:00:00-05:00,-2.5075733415800174,0.1099998950958252,-0.006143335919032736,2.713530886580684,-0.020979754536887274,0.05
2025-12-05 00:00:00-05:00,-2.210642465008009,0.12199974060058594,-0.00473673073016169,2.713530886580684,-0.020979754536887274,0.06666666666666667
2025-12-08 00:00:00-05:00,-1.7046285046669112,0.07599973678588867,-0.0032242579490924287,2.713530886580684,-0.020979754536887274,0.11666666666666667
2025-12-09 00:00:00-05:00,-1.3328992848075845,0.09999990463256836,-0.001410005152100946,2.713530886580684,-0.020979754536887274,0.13333333333333333
2025-12-10 00:00:00-05:00,-1.6845870895524289,0.10699987411499023,-0.0006071398565275244,2.713530886580684,-0.020979754536887274,0.15
2025-12-11 00:00:00-05:00,-1.7786171029029432,0.03299999237060547,-0.006486284031165432,2.713530886580684,-0.020979754536887274,0.16666666666666666
2025-12-12 00:00:00-05:00,-2.0028757126364027,0.05499982833862305,-0.005977993786343291,2.713530886580684,-0.020979754536887274,0.18333333333333332
2025-12-15 00:00:00-05:00,-1.6421185099143445,0.010000228881835938,-0.009531554844533838,2.713530886580684,-0.020979754536887274,0.23333333333333334
2025-12-16 00:00:00-05:00,-1.4113911861731459,-0.03699970245361328,-0.010842682907030053,2.713530886580684,-0.020979754536887274,0.25
2025-12-17 00:00:00-05:00,-1.301815855162995,-0.013000011444091797,-0.004260486878193933,2.713530886580684,-0.020979754536887274,0.26666666666666666
2025-12-18 00:00:00-05:00,-1.403765233146618,-0.024999618530273438,0.0008131094212695306,2.713530886580684,-0.020979754536887274,0.2833333333333333
2025-12-19 00:00:00-05:00,-1.2877405750824351,-0.0429997444152832,0.002030426568037146,2.713530886580684,-0.020979754536887274,0.3
2025-12-22 00:00:00-05:00,-1.1307012115549415,-0.013000011444091797,0.0014253656242229084,2.713530886580684,-0.020979754536887274,0.35
2025-12-23 00:00:00-05:00,-0.8168054975539959,0.019999980926513672,-0.002141865067125881,2.713530886580684,-0.020979754536887274,0.36666666666666664
2025-12-24 00:00:00-05:00,-0.640450799044891,-0.014999866485595703,-0.003972496973752984,2.713530886580684,-0.020979754536887274,0.38333333333333336
2025-12-26 00:00:00-05:00,-0.7370385741805863,0.019999980926513672,-0.004174133507588862,2.713530886580684,-0.020979754536887274,0.4166666666666667
2025-12-29 00:00:00-05:00,-0.7746184460585315,-0.034999847412109375,-0.005695678134928381,2.713530886580684,-0.020979754536887274,0.4666666666666667
2025-12-30 00:00:00-05:00,-0.6772503324840884,-0.03900003433227539,-0.0005088592392750596,2.713530886580684,-0.020979754536887274,0.48333333333333334
2025-12-31 00:00:00-05:00,-0.4747210310850898,-0.006000041961669922,0.0034654640305700596,2.713530886580684,-0.020979754536887274,0.5
2026-01-02 00:00:00-05:00,-0.7526725240846707,0.05099964141845703,0.004480606361489235,3.056668937437612,0.36969147117456025,0.016666666666666666
2026-01-05 00:00:00-05:00,-1.164697326235322,0.028999805450439453,0.0025472529800599137,3.056668937437612,0.36969147117456025,0.06666666666666667
2026-01-06 00:00:00-05:00,-0.9415746418178906,0.06299972534179688,0.005492851853317589,3.056668937437612,0.36969147117456025,0.08333333333333333
2026-01-07 00:00:00-05:00,-1.0068239209550782,0.007999897003173828,0.004468852099920715,3.056668937437612,0.36969147117456025,0.1
2026-01-08 00:00:00-05:00,-1.2206651924893743,0.019999980926513672,0.006591997187584377,3.056668937437612,0.36969147117456025,0.11666666666666667
2026-01-09 00:00:00-05:00,-1.140068471043553,-0.015999794006347656,0.0071880755046015345,3.056668937437612,0.36969147117456025,0.13333333333333333
2026-01-12 00:00:00-05:00,-0.012339350681851349,0.021999835968017578,0.005985955838685737,3.056668937437612,0.36969147117456025,0.18333333333333332
2026-01-13 00:00:00-05:00,1.8604777671865578,-0.007999897003173828,0.0055636724864020935,3.056668937437612,0.36969147117456025,0.2
2026-01-14 00:00:00-05:00,1.6320095347409864,0.0019998550415039062,0.004549797584199872,3.056668937437612,0.36969147117456025,0.21666666666666667
2026-01-15 00:00:00-05:00,1.7204148831899313,-0.023000240325927734,0.0039344251474181064,3.056668937437612,0.36969147117456025,0.23333333333333334
2026-01-16 00:00:00-05:00,1.1799509195365567,0.059999942779541016,0.002619406501002924,3.056668937437612,0.36969147117456025,0.25
2026-01-20 00:00:00-05:00,1.791772485475853,0.10800027847290039,-0.002227861384290299,3.056668937437612,0.36969147117456025,0.31666666666666665
2026-01-21 00:00:00-05:00,2.1748376397589224,0.0819997787475586,-0.003739406230433915,3.056668937437612,0.36969147117456025,0.3333333333333333
2026-01-22 00:00:00-05:00,1.8713315600766678,0.10900020599365234,-0.0077978687846616355,3.056668937437612,0.36969147117456025,0.35
2026-01-23 00:00:00-05:00,1.4400121352703312,0.07899999618530273,-0.017469479782272545,3.056668937437612,0.36969147117456025,0.36666666666666664
2026-01-26 00:00:00-05:00,1.067834893112989,-0.018000125885009766,-0.023928224768608293,3.056668937437612,0.36969147117456025,0.4166666666666667
2026-01-27 00:00:00-05:00,0.8289908414032648,-0.07200002670288086,-0.02483960371052925,3.056668937437612,0.36969147117456025,0.43333333333333335
2026-01-28 00:00:00-05:00,1.1783346938807204,-0.0019998550415039062,-0.023667978396591627,3.056668937437612,0.36969147117456025,0.45
2026-01-29 00:00:00-05:00,1.0068275589052083,-0.021999835968017578,-0.021373623317081033,3.056668937437612,0.36969147117456025,0.4666666666666667
2026-01-30 00:00:00-05:00,0.6545875281584355,0.0020003318786621094,-0.006269619404855466,3.056668937437612,0.36969147117456025,0.48333333333333334
2026-02-02 00:00:00-05:00,0.8063713773315597,0.062000274658203125,0.005856679369504708,2.8690059841786075,0.4713268481054689,0.016666666666666666
2026-02-03 00:00:00-05:00,1.119871167852247,0.051000118255615234,0.012599580059177851,2.8690059841786075,0.4713268481054689,0.03333333333333333
2026-02-04 00:00:00-05:00,1.1922962914068083,0.024000167846679688,0.012057710883534847,2.8690059841786075,0.4713268481054689,0.05
2026-02-05 00:00:00-05:00,0.5066765352930749,-0.017000198364257812,0.015868451755249376,2.8690059841786075,0.4713268481054689,0.06666666666666667
2026-02-06 00:00:00-05:00,0.901771519275573,-0.03500032424926758,0.006576936724831696,2.8690059841786075,0.4713268481054689,0.08333333333333333
2026-02-09 00:00:00-05:00,1.0260100116290645,-0.07700014114379883,-0.008126372080277956,2.8690059841786075,0.4713268481054689,0.13333333333333333
2026-02-10 00:00:00-05:00,0.9234547461452389,-0.1270003318786621,-0.006589803208114941,2.8690059841786075,0.4713268481054689,0.15
2026-02-11 00:00:00-05:00,1.6815891770334792,-0.10300016403198242,-0.008125536061011726,2.8690059841786075,0.4713268481054689,0.16666666666666666
2026-02-12 00:00:00-05:00,1.3932691971072955,-0.10599994659423828,-0.009139980338511605,2.8690059841786075,0.4713268481054689,0.18333333333333332
2026-02-13 00:00:00-05:00,0.908191181009048,-0.14999961853027344,-0.007711724210532533,2.8690059841786075,0.4713268481054689,0.2
2026-02-17 00:00:00-05:00,0.8309049113312111,-0.14599990844726562,0.00350556046594721,2.8690059841786075,0.4713268481054689,0.26666666666666666
2026-02-18 00:00:00-05:00,1.734864111980662,-0.06799983978271484,0.009254502003775747,2.8690059841786075,0.4713268481054689,0.2833333333333333
2026-02-19 00:00:00-05:00,0.8297735808602094,-0.0970001220703125,0.01129605831553443,2.8690059841786075,0.4713268481054689,0.3
2026-02-20 00:00:00-05:00,0.781216811116327,-0.018000125885009766,0.008935536591908108,2.8690059841786075,0.4713268481054689,0.31666666666666665
2026-02-23 00:00:00-05:00,0.04032851945697412,-0.02700042724609375,0.008428456918245243,2.8690059841786075,0.4713268481054689,0.36666666666666664
2026-02-24 00:00:00-05:00,0.010182806616231764,-0.01900005340576172,0.007383068688258804,2.8690059841786075,0.4713268481054689,0.38333333333333336
2026-02-25 00:00:00-05:00,-0.05897009842506607,-0.031000137329101562,0.0,2.8690059841786075,0.4713268481054689,0.4
2026-02-26 00:00:00-05:00,-0.17685822923542704,-0.057999610900878906,-0.001430609162606313,2.8690059841786075,0.4713268481054689,0.4166666666666667
2026-02-27 00:00:00-05:00,-1.3914543452925756,-0.12400007247924805,-0.0019446548050036207,2.8690059841786075,0.4713268481054689,0.43333333333333335
2026-03-02 00:00:00-05:00,0.04293393986329047,0.01900005340576172,0.00693597563636959,3.488444976526428,1.0490077573940049,0.016666666666666666
2026-03-03 00:00:00-05:00,0.6331673974226166,0.023000240325927734,0.011882593441072084,3.488444976526428,1.0490077573940049,0.03333333333333333
2026-03-04 00:00:00-05:00,0.5646602981274507,0.032000064849853516,0.010892353119924347,3.488444976526428,1.0490077573940049,0.05
2026-03-05 00:00:00-05:00,-0.5686077371178172,0.1289997100830078,0.015524625880952839,3.488444976526428,1.0490077573940049,0.06666666666666667
2026-03-06 00:00:00-05:00,-2.656123049035431,0.17100000381469727,0.014038859911615255,3.488444976526428,1.0490077573940049,0.08333333333333333
2026-03-09 00:00:00-04:00,0.28111408975933205,0.08800029754638672,0.008098880688877014,3.488444976526428,1.0490077573940049,0.13333333333333333
2026-03-10 00:00:00-04:00,0.5252104432738988,0.07999992370605469,-0.002223583039426428,3.488444976526428,1.0490077573940049,0.15
2026-03-11 00:00:00-04:00,1.13782389963624,0.12800025939941406,0.004646540823320621,3.488444976526428,1.0490077573940049,0.16666666666666666
2026-03-12 00:00:00-04:00,1.5989362418638513,0.1269998550415039,0.004219821132670833,3.488444976526428,1.0490077573940049,0.18333333333333332
2026-03-13 00:00:00-04:00,1.3015083567441355,0.15199995040893555,0.013744914228392826,3.488444976526428,1.0490077573940049,0.2
2026-03-16 00:00:00-04:00,1.4402044912228305,0.0839996337890625,0.005329579520823704,3.488444976526428,1.0490077573940049,0.25
2026-03-17 00:00:00-04:00,1.3096985517750528,0.06599998474121094,0.007560138686403189,3.488444976526428,1.0490077573940049,0.26666666666666666
2026-03-18 00:00:00-04:00,1.648313655063083,0.05099964141845703,0.008629322886787182,3.488444976526428,1.0490077573940049,0.2833333333333333
2026-03-19 00:00:00-04:00,1.705919400443101,0.008000373840332031,-0.005126356944009673,3.488444976526428,1.0490077573940049,0.3
2026-03-20 00:00:00-04:00,1.954590545102789,0.10599994659423828,-0.007099665608657256,3.488444976526428,1.0490077573940049,0.31666666666666665
2026-03-23 00:00:00-04:00,1.297323695054002,0.11400032043457031,-0.007651322451639314,3.488444976526428,1.0490077573940049,0.36666666666666664
2026-03-24 00:00:00-04:00,1.7135972574584932,0.19000005722045898,-0.0015074775405772218,3.488444976526428,1.0490077573940049,0.38333333333333336
2026-03-25 00:00:00-04:00,1.519508757249006,0.069000244140625,-0.004907595372279314,3.488444976526428,1.0490077573940049,0.4
2026-03-26 00:00:00-04:00,1.3625409917392246,0.13499975204467773,0.0067292791725956265,3.488444976526428,1.0490077573940049,0.4166666666666667
2026-03-27 00:00:00-04:00,0.3702442572182676,0.04900026321411133,0.005005015376576397,3.488444976526428,1.0490077573940049,0.43333333333333335
2026-03-30 00:00:00-04:00,-0.39141794878954334,0.007999897003173828,0.01564260508339677,3.488444976526428,1.0490077573940049,0.48333333333333334
2026-03-31 00:00:00-04:00,-0.2771037790458819,-0.08100032806396484,0.005316214746579883,3.488444976526428,1.0490077573940049,0.5
2026-04-01 00:00:00-04:00,0.09483013678845909,-0.009000301361083984,0.0005019127007030272,4.134159268790705,0.850057387201586,0.0
2026-04-02 00:00:00-04:00,0.2161962351303395,-0.10299968719482422,0.0013004278651482057,4.134159268790705,0.850057387201586,0.016666666666666666
2026-04-06 00:00:00-04:00,1.417044169785996,-0.10500001907348633,-0.0016988777862874272,4.134159268790705,0.850057387201586,0.08333333333333333
2026-04-07 00:00:00-04:00,0.7740826101086818,0.0009999275207519531,-0.00869356202214603,4.134159268790705,0.850057387201586,0.1
2026-04-08 00:00:00-04:00,-1.0396515595937483,-0.019999980926513672,-0.008338004469878958,4.134159268790705,0.850057387201586,0.11666666666666667
2026-04-09 00:00:00-04:00,-2.265400775839499,-0.02599954605102539,-0.008364051641780588,4.134159268790705,0.850057387201586,0.13333333333333333
2026-04-10 00:00:00-04:00,-1.5896820100312226,0.0039997100830078125,-0.013891880857493107,4.134159268790705,0.850057387201586,0.15
2026-04-13 00:00:00-04:00,-0.5107318105849898,-0.03800010681152344,-0.01623429211587716,4.134159268790705,0.850057387201586,0.2
2026-04-14 00:00:00-04:00,0.4005466729188776,-0.08699989318847656,-0.015372436886052549,4.134159268790705,0.850057387201586,0.21666666666666667
2026-04-15 00:00:00-04:00,0.3649175292197782,-0.008999824523925781,-0.010852581011914313,4.134159268790705,0.850057387201586,0.23333333333333334
2026-04-16 00:00:00-04:00,0.12712841038487713,0.015999794006347656,-0.006090137290052713,4.134159268790705,0.850057387201586,0.25
2026-04-17 00:00:00-04:00,-0.8723701972451131,-0.0710000991821289,-0.005590896919229766,4.134159268790705,0.850057387201586,0.26666666666666666
2026-04-20 00:00:00-04:00,-0.9894180844760786,-0.04699993133544922,-0.003258323678736846,4.134159268790705,0.850057387201586,0.31666666666666665
2026-04-21 00:00:00-04:00,-0.8996012789454106,0.03599977493286133,0.0029512147413108844,4.134159268790705,0.850057387201586,0.3333333333333333
2026-04-22 00:00:00-04:00,-1.0981314051474733,0.012000083923339844,0.005390288116092022,4.134159268790705,0.850057387201586,0.35
2026-04-23 00:00:00-04:00,-1.006600129586015,0.01399993896484375,0.005887762602705929,4.134159268790705,0.850057387201586,0.36666666666666664
2026-04-24 00:00:00-04:00,-1.1208039600424138,0.06400012969970703,0.004170736536008845,4.134159268790705,0.850057387201586,0.38333333333333336
2026-04-27 00:00:00-04:00,-1.3440217591622736,0.08599996566772461,0.004375932196802106,4.134159268790705,0.850057387201586,0.43333333333333335
2026-04-28 00:00:00-04:00,-1.2139253491345898,0.062000274658203125,0.0021316465224616634,4.134159268790705,0.850057387201586,0.45
2026-04-29 00:00:00-04:00,-1.1357700282797474,0.12400007247924805,0.0033416247006420653,4.134159268790705,0.850057387201586,0.4666666666666667
2026-04-30 00:00:00-04:00,-1.49091798801226,0.06699991226196289,-0.007314144785166003,4.134159268790705,0.850057387201586,0.48333333333333334
2026-05-01 00:00:00-04:00,-2.0704812287073042,0.06799983978271484,-0.003050053705461883,4.466403778113737,0.6314936039877539,0.0
2026-05-04 00:00:00-04:00,-0.6884574232654941,0.1100001335144043,-0.0001015703072515057,4.466403778113737,0.6314936039877539,0.05
2026-05-05 00:00:00-04:00,0.32774326486273975,0.06199979782104492,-0.0014205926824691405,4.466403778113737,0.6314936039877539,0.06666666666666667
2026-05-06 00:00:00-04:00,0.43924093552362675,-0.062000274658203125,-0.009139918908789731,4.466403778113737,0.6314936039877539,0.08333333333333333
2026-05-07 00:00:00-04:00,0.2284186856454644,0.0020003318786621094,0.0017317598924779384,4.466403778113737,0.6314936039877539,0.1
2026-05-08 00:00:00-04:00,-0.14638892051763308,-0.01399993896484375,-0.003774579898199342,4.466403778113737,0.6314936039877539,0.11666666666666667
2026-05-11 00:00:00-04:00,0.3848760491243859,-0.03600025177001953,-0.005396874454669938,4.466403778113737,0.6314936039877539,0.16666666666666666
2026-05-12 00:00:00-04:00,0.7263945750949634,0.04699993133544922,-0.0019312140705726663,4.466403778113737,0.6314936039877539,0.18333333333333332
2026-05-13 00:00:00-04:00,0.4881138880136233,0.125,0.004682010729697226,4.466403778113737,0.6314936039877539,0.2
2026-05-14 00:00:00-04:00,-0.9335336583081698,0.0689997673034668,0.006391715183087867,4.466403778113737,0.6314936039877539,0.21666666666666667
2026-05-15 00:00:00-04:00,-0.8776004042818384,0.23099994659423828,0.014509922836091977,4.466403778113737,0.6314936039877539,0.23333333333333334
2026-05-18 00:00:00-04:00,-2.835395664616331,0.21300029754638672,0.010461715040930304,4.466403778113737,0.6314936039877539,0.2833333333333333
2026-05-19 00:00:00-04:00,-1.752946596806615,0.20399999618530273,0.010223299890743312,4.466403778113737,0.6314936039877539,0.3
2026-05-20 00:00:00-04:00,-2.746981628269544,0.09100008010864258,0.006376834613278986,4.466403778113737,0.6314936039877539,0.31666666666666665
2026-05-21 00:00:00-04:00,-0.5659522341182803,0.125,0.0031302614388748545,4.466403778113737,0.6314936039877539,0.3333333333333333
2026-05-22 00:00:00-04:00,-0.2723920491112023,-0.03699970245361328,0.0005035807818782223,4.466403778113737,0.6314936039877539,0.35
2026-05-26 00:00:00-04:00,-0.482977743222583,-0.13000011444091797,0.002018744491565253,4.466403778113737,0.6314936039877539,0.4166666666666667
2026-05-27 00:00:00-04:00,-0.2069695177706146,-0.18599987030029297,-0.000906795350198479,4.466403778113737,0.6314936039877539,0.43333333333333335
2026-05-28 00:00:00-04:00,0.2191426016306461,-0.11700010299682617,-0.0009085345452367026,4.466403778113737,0.6314936039877539,0.45
2026-05-29 00:00:00-04:00,0.05688885434542893,-0.13299989700317383,-0.0028268445949221066,4.466403778113737,0.6314936039877539,0.4666666666666667
2026-06-01 00:00:00-04:00,2.263752957694234,-0.08300018310546875,-0.00120897404017503,3.8844042119670963,-0.349423942850835,0.0
2026-06-02 00:00:00-04:00,1.836533984228536,-0.03800010681152344,0.0005040884416601016,3.8844042119670963,-0.349423942850835,0.016666666666666666
2026-06-03 00:00:00-04:00,1.8705962604594084,0.010000228881835938,0.003220287559661786,3.8844042119670963,-0.349423942850835,0.03333333333333333
2026-06-04 00:00:00-04:00,1.5320134494949267,0.02200031280517578,0.003930933030788501,3.8844042119670963,-0.349423942850835,0.05
2026-06-05 00:00:00-04:00,1.631690319680138,0.08299970626831055,0.011659555276330277,3.8844042119670963,-0.349423942850835,0.06666666666666667
2026-06-08 00:00:00-04:00,1.598489027712357,0.07700014114379883,0.008532108004929807,3.8844042119670963,-0.349423942850835,0.11666666666666667
2026-06-09 00:00:00-04:00,1.706958301344339,0.07299995422363281,0.006930198223111544,3.8844042119670963,-0.349423942850835,0.13333333333333333
2026-06-10 00:00:00-04:00,1.527140073300429,0.05099964141845703,0.004210936420267257,3.8844042119670963,-0.349423942850835,0.15
2026-06-11 00:00:00-04:00,0.9434595265243729,-0.014000415802001953,0.00451646212204205,3.8844042119670963,-0.349423942850835,0.16666666666666666
2026-06-12 00:00:00-04:00,0.6868521986093492,-0.048999786376953125,-0.0032028822827688216,3.8844042119670963,-0.349423942850835,0.18333333333333332
2026-06-15 00:00:00-04:00,0.625954791671784,-0.08300018310546875,-0.004206795043125626,3.8844042119670963,-0.349423942850835,0.23333333333333334
2026-06-16 00:00:00-04:00,1.024691175225794,-0.09999990463256836,-0.0037102347710185448,3.8844042119670963,-0.349423942850835,0.25
2026-06-17 00:00:00-04:00,1.56088537509828,-0.07899999618530273,0.0013997142291983236,3.8844042119670963,-0.349423942850835,0.26666666666666666
2026-06-18 00:00:00-04:00,1.7790382380459873,-0.01199960708618164,0.009865038085502332,3.8844042119670963,-0.349423942850835,0.2833333333333333
2026-06-22 00:00:00-04:00,2.3503127805921276,0.021999835968017578,0.01265142803954704,3.8844042119670963,-0.349423942850835,0.35
2026-06-23 00:00:00-04:00,2.28222753479033,0.024000167846679688,0.01770844524687671,3.8844042119670963,-0.349423942850835,0.36666666666666664
2026-06-24 00:00:00-04:00,1.9758528536254576,-0.026000022888183594,0.020582378876605557,3.8844042119670963,-0.349423942850835,0.38333333333333336
2026-06-25 00:00:00-04:00,1.5033642076847655,-0.0709996223449707,0.013299163753874754,3.8844042119670963,-0.349423942850835,0.4
2026-06-26 00:00:00-04:00,0.8762692119305919,-0.07899999618530273,0.0050442927644669035,3.8844042119670963,-0.349423942850835,0.4166666666666667
2026-06-29 00:00:00-04:00,1.3358234961063236,-0.13499975204467773,0.0008905553302981003,3.8844042119670963,-0.349423942850835,0.4666666666666667
2026-06-30 00:00:00-04:00,2.5793587326900274,-0.07499980926513672,-0.0021717798671999945,3.8844042119670963,-0.349423942850835,0.48333333333333334
2026-07-01 00:00:00-04:00,1.4243457236268913,0.07299995422363281,-0.002167500559947534,3.8844042119670963,-0.349423942850835,0.5
2026-07-02 00:00:00-04:00,0.41253934816628623,0.09299993515014648,-0.005635485696585034,3.8844042119670963,-0.349423942850835,0.5166666666666667
2026-07-06 00:00:00-04:00,0.982860581293089,0.10699987411499023,-0.005044292764466997,3.8844042119670963,-0.349423942850835,0.5833333333333334
2026-07-07 00:00:00-04:00,1.7893210059759714,0.1549997329711914,0.00029665047729910305,3.8844042119670963,-0.349423942850835,0.6
2026-07-08 00:00:00-04:00,1.542813254663582,0.1509995460510254,-0.0013844878185172882,3.8844042119670963,-0.349423942850835,0.6166666666666667
2026-07-09 00:00:00-04:00,0.346117377795607,0.06400012969970703,-0.004448155845825102,3.8844042119670963,-0.349423942850835,0.6333333333333333
2026-07-10 00:00:00-04:00,0.6451924868132883,0.0839996337890625,0.001090032405938049,3.8844042119670963,-0.349423942850835,0.65
2026-07-13 00:00:00-04:00,1.4360445377831508,0.13000011444091797,0.004254697073071789,3.8844042119670963,-0.349423942850835,0.7
2026-07-14 00:00:00-04:00,1.3179180478268602,0.08000040054321289,0.0013832567259929784,3.8844042119670963,-0.349423942850835,0.7166666666666667
2026-07-15 00:00:00-04:00,1.2352456751285181,0.04000043869018555,-0.0016639195437228294,3.8844042119670963,-0.349423942850835,0.7333333333333333
